name,score,grade,gender,subject
مي,90,7,f,رياضيات
مي,75,7,f,علوم
مي,85,7,f,تاريخ
مي,76,7,f,عربية
مي,62,7,f,إنجليزية
هادي,97,7,m,رياضيات
هادي,100,7,m,علوم
هادي,74,7,m,تاريخ
هادي,97,7,m,عربية
هادي,98,7,m,إنجليزية
إيناس,68,8,f,رياضيات
إيناس,84,8,f,علوم
إيناس,63,8,f,تاريخ
إيناس,62,8,f,عربية
إيناس,88,8,f,إنجليزية
عبدالعزيز,80,7,m,رياضيات
عبدالعزيز,75,7,m,علوم
عبدالعزيز,75,7,m,تاريخ
عبدالعزيز,54,7,m,عربية
عبدالعزيز,70,7,m,إنجليزية
زيدان,74,7,m,رياضيات
زيدان,78,7,m,علوم
زيدان,66,7,m,تاريخ
زيدان,70,7,m,عربية
زيدان,94,7,m,إنجليزية
نسرين,76,8,f,رياضيات
نسرين,88,8,f,علوم
نسرين,66,8,f,تاريخ
نسرين,71,8,f,عربية
نسرين,96,8,f,إنجليزية
هاني,68,9,m,رياضيات
هاني,80,9,m,علوم
هاني,78,9,m,تاريخ
هاني,80,9,m,عربية
هاني,62,9,m,إنجليزية
ناهد,79,8,f,رياضيات
ناهد,58,8,f,علوم
ناهد,89,8,f,تاريخ
ناهد,54,8,f,عربية
ناهد,93,8,f,إنجليزية
زين,92,9,f,رياضيات
زين,61,9,f,علوم
زين,67,9,f,تاريخ
زين,56,9,f,عربية
زين,94,9,f,إنجليزية
ميرال,67,8,f,رياضيات
ميرال,75,8,f,علوم
ميرال,53,8,f,تاريخ
ميرال,59,8,f,عربية
ميرال,93,8,f,إنجليزية
ميرال,98,7,f,رياضيات
ميرال,83,7,f,علوم
ميرال,71,7,f,تاريخ
ميرال,99,7,f,عربية
ميرال,85,7,f,إنجليزية
لطيفة,50,7,f,رياضيات
لطيفة,89,7,f,علوم
لطيفة,55,7,f,تاريخ
لطيفة,57,7,f,عربية
لطيفة,75,7,f,إنجليزية
راشد,63,9,f,رياضيات
راشد,94,9,f,علوم
راشد,71,9,f,تاريخ
راشد,66,9,f,عربية
راشد,81,9,f,إنجليزية
سعاد,55,9,f,رياضيات
سعاد,60,9,f,علوم
سعاد,66,9,f,تاريخ
سعاد,73,9,f,عربية
سعاد,87,9,f,إنجليزية
مريم,79,8,f,رياضيات
مريم,69,8,f,علوم
مريم,92,8,f,تاريخ
مريم,78,8,f,عربية
مريم,68,8,f,إنجليزية
نوال,65,9,f,رياضيات
نوال,69,9,f,علوم
نوال,67,9,f,تاريخ
نوال,51,9,f,عربية
نوال,82,9,f,إنجليزية
تامر,94,9,m,رياضيات
تامر,64,9,m,علوم
تامر,81,9,m,تاريخ
تامر,89,9,m,عربية
تامر,61,9,m,إنجليزية
راشد,99,7,f,رياضيات
راشد,87,7,f,علوم
راشد,51,7,f,تاريخ
راشد,91,7,f,عربية
راشد,53,7,f,إنجليزية
إيمان,88,8,f,رياضيات
إيمان,66,8,f,علوم
إيمان,93,8,f,تاريخ
إيمان,58,8,f,عربية
إيمان,67,8,f,إنجليزية
هديل,100,9,f,رياضيات
هديل,55,9,f,علوم
هديل,69,9,f,تاريخ
هديل,64,9,f,عربية
هديل,95,9,f,إنجليزية
ناهد,80,7,f,رياضيات
ناهد,93,7,f,علوم
ناهد,57,7,f,تاريخ
ناهد,55,7,f,عربية
ناهد,80,7,f,إنجليزية
فرح,56,9,f,رياضيات
فرح,80,9,f,علوم
فرح,96,9,f,تاريخ
فرح,53,9,f,عربية
فرح,61,9,f,إنجليزية
خالد,53,9,m,رياضيات
خالد,89,9,m,علوم
خالد,56,9,m,تاريخ
خالد,75,9,m,عربية
خالد,88,9,m,إنجليزية
رنا,79,8,f,رياضيات
رنا,87,8,f,علوم
رنا,66,8,f,تاريخ
رنا,50,8,f,عربية
رنا,72,8,f,إنجليزية
رائد,76,9,m,رياضيات
رائد,92,9,m,علوم
رائد,93,9,m,تاريخ
رائد,79,9,m,عربية
رائد,58,9,m,إنجليزية
عباس,61,9,m,رياضيات
عباس,77,9,m,علوم
عباس,53,9,m,تاريخ
عباس,85,9,m,عربية
عباس,59,9,m,إنجليزية
ياسر,63,7,f,رياضيات
ياسر,53,7,f,علوم
ياسر,79,7,f,تاريخ
ياسر,75,7,f,عربية
ياسر,66,7,f,إنجليزية
مريم,86,7,f,رياضيات
مريم,60,7,f,علوم
مريم,94,7,f,تاريخ
مريم,53,7,f,عربية
مريم,83,7,f,إنجليزية
هديل,52,8,f,رياضيات
هديل,83,8,f,علوم
هديل,71,8,f,تاريخ
هديل,75,8,f,عربية
هديل,79,8,f,إنجليزية
سامي,59,9,m,رياضيات
سامي,76,9,m,علوم
سامي,61,9,m,تاريخ
سامي,98,9,m,عربية
سامي,64,9,m,إنجليزية
سالم,54,8,f,رياضيات
سالم,64,8,f,علوم
سالم,98,8,f,تاريخ
سالم,74,8,f,عربية
سالم,83,8,f,إنجليزية
كندة,56,8,f,رياضيات
كندة,91,8,f,علوم
كندة,65,8,f,تاريخ
كندة,51,8,f,عربية
كندة,95,8,f,إنجليزية
هيثم,82,7,m,رياضيات
هيثم,81,7,m,علوم
هيثم,84,7,m,تاريخ
هيثم,80,7,m,عربية
هيثم,99,7,m,إنجليزية
عائشة,54,8,f,رياضيات
عائشة,54,8,f,علوم
عائشة,50,8,f,تاريخ
عائشة,70,8,f,عربية
عائشة,56,8,f,إنجليزية
جمال,81,8,m,رياضيات
جمال,87,8,m,علوم
جمال,64,8,m,تاريخ
جمال,89,8,m,عربية
جمال,64,8,m,إنجليزية
عدنان,82,9,f,رياضيات
عدنان,65,9,f,علوم
عدنان,50,9,f,تاريخ
عدنان,79,9,f,عربية
عدنان,87,9,f,إنجليزية
عائشة,79,9,f,رياضيات
عائشة,70,9,f,علوم
عائشة,90,9,f,تاريخ
عائشة,100,9,f,عربية
عائشة,74,9,f,إنجليزية
ميرفت,80,7,f,رياضيات
ميرفت,52,7,f,علوم
ميرفت,52,7,f,تاريخ
ميرفت,81,7,f,عربية
ميرفت,57,7,f,إنجليزية
راغب,62,8,m,رياضيات
راغب,63,8,m,علوم
راغب,54,8,m,تاريخ
راغب,83,8,m,عربية
راغب,74,8,m,إنجليزية
عدنان,65,7,f,رياضيات
عدنان,92,7,f,علوم
عدنان,86,7,f,تاريخ
عدنان,93,7,f,عربية
عدنان,100,7,f,إنجليزية
زهير,52,8,m,رياضيات
زهير,59,8,m,علوم
زهير,73,8,m,تاريخ
زهير,74,8,m,عربية
زهير,97,8,m,إنجليزية
حمود,98,9,f,رياضيات
حمود,58,9,f,علوم
حمود,84,9,f,تاريخ
حمود,95,9,f,عربية
حمود,68,9,f,إنجليزية
عيسى,60,8,m,رياضيات
عيسى,94,8,m,علوم
عيسى,52,8,m,تاريخ
عيسى,73,8,m,عربية
عيسى,99,8,m,إنجليزية
طارق,92,9,m,رياضيات
طارق,93,9,m,علوم
طارق,79,9,m,تاريخ
طارق,80,9,m,عربية
طارق,76,9,m,إنجليزية
ياسر,93,8,f,رياضيات
ياسر,87,8,f,علوم
ياسر,90,8,f,تاريخ
ياسر,74,8,f,عربية
ياسر,63,8,f,إنجليزية
ميساء,50,7,f,رياضيات
ميساء,68,7,f,علوم
ميساء,76,7,f,تاريخ
ميساء,61,7,f,عربية
ميساء,97,7,f,إنجليزية
يمنى,95,8,f,رياضيات
يمنى,59,8,f,علوم
يمنى,100,8,f,تاريخ
يمنى,68,8,f,عربية
يمنى,94,8,f,إنجليزية
ليان,83,7,f,رياضيات
ليان,93,7,f,علوم
ليان,52,7,f,تاريخ
ليان,79,7,f,عربية
ليان,73,7,f,إنجليزية
رغد,83,9,f,رياضيات
رغد,75,9,f,علوم
رغد,85,9,f,تاريخ
رغد,52,9,f,عربية
رغد,54,9,f,إنجليزية
عبير,61,9,f,رياضيات
عبير,62,9,f,علوم
عبير,70,9,f,تاريخ
عبير,69,9,f,عربية
عبير,77,9,f,إنجليزية
حنان,100,8,f,رياضيات
حنان,51,8,f,علوم
حنان,80,8,f,تاريخ
حنان,84,8,f,عربية
حنان,59,8,f,إنجليزية
خلود,85,8,f,رياضيات
خلود,62,8,f,علوم
خلود,69,8,f,تاريخ
خلود,85,8,f,عربية
خلود,80,8,f,إنجليزية
سعيد,96,9,f,رياضيات
سعيد,79,9,f,علوم
سعيد,78,9,f,تاريخ
سعيد,92,9,f,عربية
سعيد,96,9,f,إنجليزية
ميادة,91,7,f,رياضيات
ميادة,50,7,f,علوم
ميادة,62,7,f,تاريخ
ميادة,95,7,f,عربية
ميادة,55,7,f,إنجليزية
أدهم,99,8,m,رياضيات
أدهم,50,8,m,علوم
أدهم,60,8,m,تاريخ
أدهم,50,8,m,عربية
أدهم,51,8,m,إنجليزية
صفاء,61,7,f,رياضيات
صفاء,96,7,f,علوم
صفاء,60,7,f,تاريخ
صفاء,88,7,f,عربية
صفاء,99,7,f,إنجليزية
مراد,85,9,m,رياضيات
مراد,54,9,m,علوم
مراد,57,9,m,تاريخ
مراد,81,9,m,عربية
مراد,88,9,m,إنجليزية
سامي,73,7,m,رياضيات
سامي,61,7,m,علوم
سامي,50,7,m,تاريخ
سامي,66,7,m,عربية
سامي,67,7,m,إنجليزية
رانيا,65,8,f,رياضيات
رانيا,91,8,f,علوم
رانيا,51,8,f,تاريخ
رانيا,61,8,f,عربية
رانيا,70,8,f,إنجليزية
حسن,60,9,m,رياضيات
حسن,60,9,m,علوم
حسن,99,9,m,تاريخ
حسن,96,9,m,عربية
حسن,93,9,m,إنجليزية
منال,65,7,f,رياضيات
منال,83,7,f,علوم
منال,60,7,f,تاريخ
منال,96,7,f,عربية
منال,69,7,f,إنجليزية
مينا,72,7,f,رياضيات
مينا,84,7,f,علوم
مينا,52,7,f,تاريخ
مينا,71,7,f,عربية
مينا,75,7,f,إنجليزية
غادة,77,9,f,رياضيات
غادة,66,9,f,علوم
غادة,50,9,f,تاريخ
غادة,55,9,f,عربية
غادة,97,9,f,إنجليزية
ميادة,80,8,f,رياضيات
ميادة,74,8,f,علوم
ميادة,89,8,f,تاريخ
ميادة,55,8,f,عربية
ميادة,70,8,f,إنجليزية
ندى,70,9,f,رياضيات
ندى,54,9,f,علوم
ندى,94,9,f,تاريخ
ندى,96,9,f,عربية
ندى,79,9,f,إنجليزية
أحمد,58,8,m,رياضيات
أحمد,74,8,m,علوم
أحمد,58,8,m,تاريخ
أحمد,68,8,m,عربية
أحمد,82,8,m,إنجليزية
سمر,54,8,f,رياضيات
سمر,83,8,f,علوم
سمر,63,8,f,تاريخ
سمر,61,8,f,عربية
سمر,64,8,f,إنجليزية
زيدان,83,8,m,رياضيات
زيدان,92,8,m,علوم
زيدان,77,8,m,تاريخ
زيدان,64,8,m,عربية
زيدان,53,8,m,إنجليزية
نوران,68,7,f,رياضيات
نوران,94,7,f,علوم
نوران,89,7,f,تاريخ
نوران,52,7,f,عربية
نوران,88,7,f,إنجليزية
رامي,99,8,f,رياضيات
رامي,88,8,f,علوم
رامي,82,8,f,تاريخ
رامي,62,8,f,عربية
رامي,82,8,f,إنجليزية
وسام,89,7,f,رياضيات
وسام,99,7,f,علوم
وسام,59,7,f,تاريخ
وسام,78,7,f,عربية
وسام,68,7,f,إنجليزية
وسام,73,8,f,رياضيات
وسام,94,8,f,علوم
وسام,51,8,f,تاريخ
وسام,91,8,f,عربية
وسام,62,8,f,إنجليزية
رنا,92,9,f,رياضيات
رنا,93,9,f,علوم
رنا,76,9,f,تاريخ
رنا,85,9,f,عربية
رنا,52,9,f,إنجليزية
يوسف,69,8,m,رياضيات
يوسف,54,8,m,علوم
يوسف,70,8,m,تاريخ
يوسف,72,8,m,عربية
يوسف,84,8,m,إنجليزية
أميرة,95,9,f,رياضيات
أميرة,83,9,f,علوم
أميرة,82,9,f,تاريخ
أميرة,62,9,f,عربية
أميرة,82,9,f,إنجليزية
زيد,73,8,m,رياضيات
زيد,69,8,m,علوم
زيد,79,8,m,تاريخ
زيد,53,8,m,عربية
زيد,66,8,m,إنجليزية
صهيب,77,7,m,رياضيات
صهيب,82,7,m,علوم
صهيب,73,7,m,تاريخ
صهيب,58,7,m,عربية
صهيب,94,7,m,إنجليزية
قيس,97,8,m,رياضيات
قيس,94,8,m,علوم
قيس,90,8,m,تاريخ
قيس,58,8,m,عربية
قيس,53,8,m,إنجليزية
ناهد,77,9,f,رياضيات
ناهد,72,9,f,علوم
ناهد,52,9,f,تاريخ
ناهد,83,9,f,عربية
ناهد,70,9,f,إنجليزية
خالد,57,8,m,رياضيات
خالد,58,8,m,علوم
خالد,68,8,m,تاريخ
خالد,60,8,m,عربية
خالد,53,8,m,إنجليزية
غسان,89,8,m,رياضيات
غسان,61,8,m,علوم
غسان,85,8,m,تاريخ
غسان,90,8,m,عربية
غسان,82,8,m,إنجليزية
خلف,95,8,m,رياضيات
خلف,58,8,m,علوم
خلف,63,8,m,تاريخ
خلف,98,8,m,عربية
خلف,78,8,m,إنجليزية
أنور,91,9,m,رياضيات
أنور,51,9,m,علوم
أنور,91,9,m,تاريخ
أنور,68,9,m,عربية
أنور,76,9,m,إنجليزية
منال,67,8,f,رياضيات
منال,76,8,f,علوم
منال,89,8,f,تاريخ
منال,76,8,f,عربية
منال,51,8,f,إنجليزية
لين,96,8,f,رياضيات
لين,55,8,f,علوم
لين,92,8,f,تاريخ
لين,76,8,f,عربية
لين,79,8,f,إنجليزية
غسان,85,7,m,رياضيات
غسان,77,7,m,علوم
غسان,55,7,m,تاريخ
غسان,80,7,m,عربية
غسان,83,7,m,إنجليزية
سعيد,69,8,f,رياضيات
سعيد,88,8,f,علوم
سعيد,79,8,f,تاريخ
سعيد,57,8,f,عربية
سعيد,64,8,f,إنجليزية
هدى,94,9,f,رياضيات
هدى,62,9,f,علوم
هدى,65,9,f,تاريخ
هدى,94,9,f,عربية
هدى,72,9,f,إنجليزية
زكريا,98,8,f,رياضيات
زكريا,70,8,f,علوم
زكريا,71,8,f,تاريخ
زكريا,56,8,f,عربية
زكريا,52,8,f,إنجليزية
أنس,86,9,m,رياضيات
أنس,80,9,m,علوم
أنس,72,9,m,تاريخ
أنس,56,9,m,عربية
أنس,56,9,m,إنجليزية
فاطمة,53,9,f,رياضيات
فاطمة,68,9,f,علوم
فاطمة,80,9,f,تاريخ
فاطمة,71,9,f,عربية
فاطمة,72,9,f,إنجليزية
ماجد,72,7,m,رياضيات
ماجد,60,7,m,علوم
ماجد,61,7,m,تاريخ
ماجد,89,7,m,عربية
ماجد,51,7,m,إنجليزية
سالم,83,9,f,رياضيات
سالم,93,9,f,علوم
سالم,81,9,f,تاريخ
سالم,91,9,f,عربية
سالم,70,9,f,إنجليزية
يحيى,65,8,m,رياضيات
يحيى,76,8,m,علوم
يحيى,72,8,m,تاريخ
يحيى,95,8,m,عربية
يحيى,65,8,m,إنجليزية
أكرم,100,9,m,رياضيات
أكرم,62,9,m,علوم
أكرم,50,9,m,تاريخ
أكرم,90,9,m,عربية
أكرم,97,9,m,إنجليزية
أنس,95,8,m,رياضيات
أنس,98,8,m,علوم
أنس,82,8,m,تاريخ
أنس,78,8,m,عربية
أنس,90,8,m,إنجليزية
رجاء,79,7,f,رياضيات
رجاء,93,7,f,علوم
رجاء,53,7,f,تاريخ
رجاء,62,7,f,عربية
رجاء,99,7,f,إنجليزية
حازم,77,8,m,رياضيات
حازم,65,8,m,علوم
حازم,90,8,m,تاريخ
حازم,86,8,m,عربية
حازم,89,8,m,إنجليزية
نور,76,7,f,رياضيات
نور,63,7,f,علوم
نور,62,7,f,تاريخ
نور,95,7,f,عربية
نور,94,7,f,إنجليزية
خلف,69,7,m,رياضيات
خلف,66,7,m,علوم
خلف,81,7,m,تاريخ
خلف,73,7,m,عربية
خلف,95,7,m,إنجليزية
رانيا,67,9,f,رياضيات
رانيا,64,9,f,علوم
رانيا,90,9,f,تاريخ
رانيا,72,9,f,عربية
رانيا,61,9,f,إنجليزية
مهند,57,8,m,رياضيات
مهند,92,8,m,علوم
مهند,65,8,m,تاريخ
مهند,78,8,m,عربية
مهند,65,8,m,إنجليزية
مي,86,8,f,رياضيات
مي,85,8,f,علوم
مي,52,8,f,تاريخ
مي,54,8,f,عربية
مي,97,8,f,إنجليزية
إبراهيم,99,8,f,رياضيات
إبراهيم,83,8,f,علوم
إبراهيم,59,8,f,تاريخ
إبراهيم,55,8,f,عربية
إبراهيم,64,8,f,إنجليزية
أماني,75,9,f,رياضيات
أماني,86,9,f,علوم
أماني,91,9,f,تاريخ
أماني,100,9,f,عربية
أماني,71,9,f,إنجليزية
زين,67,7,f,رياضيات
زين,62,7,f,علوم
زين,68,7,f,تاريخ
زين,88,7,f,عربية
زين,55,7,f,إنجليزية
قيس,82,7,m,رياضيات
قيس,88,7,m,علوم
قيس,91,7,m,تاريخ
قيس,58,7,m,عربية
قيس,68,7,m,إنجليزية
لؤي,70,8,m,رياضيات
لؤي,72,8,m,علوم
لؤي,70,8,m,تاريخ
لؤي,62,8,m,عربية
لؤي,89,8,m,إنجليزية
عبدالله,79,9,m,رياضيات
عبدالله,64,9,m,علوم
عبدالله,58,9,m,تاريخ
عبدالله,91,9,m,عربية
عبدالله,86,9,m,إنجليزية
أسامة,88,9,m,رياضيات
أسامة,93,9,m,علوم
أسامة,51,9,m,تاريخ
أسامة,88,9,m,عربية
أسامة,82,9,m,إنجليزية
إيناس,98,7,f,رياضيات
إيناس,50,7,f,علوم
إيناس,50,7,f,تاريخ
إيناس,57,7,f,عربية
إيناس,59,7,f,إنجليزية
بلال,92,7,m,رياضيات
بلال,68,7,m,علوم
بلال,67,7,m,تاريخ
بلال,66,7,m,عربية
بلال,80,7,m,إنجليزية
حمزة,78,8,m,رياضيات
حمزة,65,8,m,علوم
حمزة,83,8,m,تاريخ
حمزة,98,8,m,عربية
حمزة,74,8,m,إنجليزية
عمران,99,7,m,رياضيات
عمران,51,7,m,علوم
عمران,85,7,m,تاريخ
عمران,82,7,m,عربية
عمران,91,7,m,إنجليزية
ميساء,79,8,f,رياضيات
ميساء,60,8,f,علوم
ميساء,89,8,f,تاريخ
ميساء,51,8,f,عربية
ميساء,90,8,f,إنجليزية
فريدة,53,8,f,رياضيات
فريدة,53,8,f,علوم
فريدة,51,8,f,تاريخ
فريدة,81,8,f,عربية
فريدة,59,8,f,إنجليزية
فريد,95,7,m,رياضيات
فريد,75,7,m,علوم
فريد,72,7,m,تاريخ
فريد,96,7,m,عربية
فريد,92,7,m,إنجليزية
علاء,52,7,m,رياضيات
علاء,84,7,m,علوم
علاء,63,7,m,تاريخ
علاء,66,7,m,عربية
علاء,77,7,m,إنجليزية
أماني,80,8,f,رياضيات
أماني,75,8,f,علوم
أماني,56,8,f,تاريخ
أماني,62,8,f,عربية
أماني,97,8,f,إنجليزية
تامر,85,7,m,رياضيات
تامر,60,7,m,علوم
تامر,51,7,m,تاريخ
تامر,90,7,m,عربية
تامر,68,7,m,إنجليزية
ليلى,99,8,f,رياضيات
ليلى,78,8,f,علوم
ليلى,89,8,f,تاريخ
ليلى,70,8,f,عربية
ليلى,93,8,f,إنجليزية
مينا,80,8,f,رياضيات
مينا,86,8,f,علوم
مينا,62,8,f,تاريخ
مينا,52,8,f,عربية
مينا,91,8,f,إنجليزية
سهى,81,9,f,رياضيات
سهى,67,9,f,علوم
سهى,70,9,f,تاريخ
سهى,100,9,f,عربية
سهى,81,9,f,إنجليزية
أحمد,70,7,m,رياضيات
أحمد,87,7,m,علوم
أحمد,57,7,m,تاريخ
أحمد,75,7,m,عربية
أحمد,76,7,m,إنجليزية
عبدالله,90,7,m,رياضيات
عبدالله,71,7,m,علوم
عبدالله,56,7,m,تاريخ
عبدالله,54,7,m,عربية
عبدالله,60,7,m,إنجليزية
عيسى,92,7,m,رياضيات
عيسى,70,7,m,علوم
عيسى,55,7,m,تاريخ
عيسى,87,7,m,عربية
عيسى,90,7,m,إنجليزية
رجاء,61,9,f,رياضيات
رجاء,65,9,f,علوم
رجاء,77,9,f,تاريخ
رجاء,60,9,f,عربية
رجاء,65,9,f,إنجليزية
رانية,98,8,f,رياضيات
رانية,97,8,f,علوم
رانية,64,8,f,تاريخ
رانية,84,8,f,عربية
رانية,100,8,f,إنجليزية
ليان,98,9,f,رياضيات
ليان,84,9,f,علوم
ليان,77,9,f,تاريخ
ليان,63,9,f,عربية
ليان,94,9,f,إنجليزية
خديجة,50,8,f,رياضيات
خديجة,64,8,f,علوم
خديجة,61,8,f,تاريخ
خديجة,90,8,f,عربية
خديجة,82,8,f,إنجليزية
سوزان,52,9,f,رياضيات
سوزان,62,9,f,علوم
سوزان,91,9,f,تاريخ
سوزان,53,9,f,عربية
سوزان,66,9,f,إنجليزية
آية,100,7,f,رياضيات
آية,61,7,f,علوم
آية,62,7,f,تاريخ
آية,97,7,f,عربية
آية,57,7,f,إنجليزية
قيس,59,9,m,رياضيات
قيس,87,9,m,علوم
قيس,78,9,m,تاريخ
قيس,72,9,m,عربية
قيس,81,9,m,إنجليزية
نهى,62,7,f,رياضيات
نهى,77,7,f,علوم
نهى,83,7,f,تاريخ
نهى,93,7,f,عربية
نهى,81,7,f,إنجليزية
إيمان,91,9,f,رياضيات
إيمان,54,9,f,علوم
إيمان,63,9,f,تاريخ
إيمان,56,9,f,عربية
إيمان,76,9,f,إنجليزية
لين,67,7,f,رياضيات
لين,55,7,f,علوم
لين,78,7,f,تاريخ
لين,84,7,f,عربية
لين,68,7,f,إنجليزية
حازم,97,9,m,رياضيات
حازم,94,9,m,علوم
حازم,53,9,m,تاريخ
حازم,80,9,m,عربية
حازم,100,9,m,إنجليزية
عادل,56,9,m,رياضيات
عادل,59,9,m,علوم
عادل,70,9,m,تاريخ
عادل,92,9,m,عربية
عادل,87,9,m,إنجليزية
صهيب,53,9,m,رياضيات
صهيب,79,9,m,علوم
صهيب,75,9,m,تاريخ
صهيب,86,9,m,عربية
صهيب,100,9,m,إنجليزية
عبدالعزيز,54,8,m,رياضيات
عبدالعزيز,86,8,m,علوم
عبدالعزيز,70,8,m,تاريخ
عبدالعزيز,89,8,m,عربية
عبدالعزيز,94,8,m,إنجليزية
فاطمة,81,7,f,رياضيات
فاطمة,89,7,f,علوم
فاطمة,51,7,f,تاريخ
فاطمة,99,7,f,عربية
فاطمة,57,7,f,إنجليزية
إسراء,82,9,f,رياضيات
إسراء,66,9,f,علوم
إسراء,89,9,f,تاريخ
إسراء,51,9,f,عربية
إسراء,52,9,f,إنجليزية
يوسف,86,9,m,رياضيات
يوسف,57,9,m,علوم
يوسف,83,9,m,تاريخ
يوسف,80,9,m,عربية
يوسف,88,9,m,إنجليزية
ميرفت,76,9,f,رياضيات
ميرفت,70,9,f,علوم
ميرفت,76,9,f,تاريخ
ميرفت,79,9,f,عربية
ميرفت,69,9,f,إنجليزية
نوال,60,7,f,رياضيات
نوال,88,7,f,علوم
نوال,79,7,f,تاريخ
نوال,96,7,f,عربية
نوال,96,7,f,إنجليزية
فوزي,61,9,m,رياضيات
فوزي,92,9,m,علوم
فوزي,76,9,m,تاريخ
فوزي,60,9,m,عربية
فوزي,97,9,m,إنجليزية
إسراء,66,8,f,رياضيات
إسراء,70,8,f,علوم
إسراء,68,8,f,تاريخ
إسراء,83,8,f,عربية
إسراء,74,8,f,إنجليزية
بدر,94,8,f,رياضيات
بدر,62,8,f,علوم
بدر,59,8,f,تاريخ
بدر,57,8,f,عربية
بدر,88,8,f,إنجليزية
أحلام,89,9,f,رياضيات
أحلام,56,9,f,علوم
أحلام,94,9,f,تاريخ
أحلام,92,9,f,عربية
أحلام,59,9,f,إنجليزية
كندة,79,9,f,رياضيات
كندة,89,9,f,علوم
كندة,98,9,f,تاريخ
كندة,55,9,f,عربية
كندة,88,9,f,إنجليزية
عصام,95,9,m,رياضيات
عصام,96,9,m,علوم
عصام,78,9,m,تاريخ
عصام,62,9,m,عربية
عصام,78,9,m,إنجليزية
نهى,52,8,f,رياضيات
نهى,92,8,f,علوم
نهى,94,8,f,تاريخ
نهى,77,8,f,عربية
نهى,54,8,f,إنجليزية
أحمد,76,9,m,رياضيات
أحمد,98,9,m,علوم
أحمد,66,9,m,تاريخ
أحمد,64,9,m,عربية
أحمد,90,9,m,إنجليزية
وسيم,50,9,m,رياضيات
وسيم,99,9,m,علوم
وسيم,74,9,m,تاريخ
وسيم,96,9,m,عربية
وسيم,69,9,m,إنجليزية
يمنى,75,9,f,رياضيات
يمنى,80,9,f,علوم
يمنى,69,9,f,تاريخ
يمنى,99,9,f,عربية
يمنى,65,9,f,إنجليزية
راغب,72,7,m,رياضيات
راغب,88,7,m,علوم
راغب,77,7,m,تاريخ
راغب,50,7,m,عربية
راغب,97,7,m,إنجليزية
شيماء,60,7,f,رياضيات
شيماء,82,7,f,علوم
شيماء,52,7,f,تاريخ
شيماء,80,7,f,عربية
شيماء,79,7,f,إنجليزية
وسيم,89,7,m,رياضيات
وسيم,80,7,m,علوم
وسيم,61,7,m,تاريخ
وسيم,76,7,m,عربية
وسيم,66,7,m,إنجليزية
بشار,54,9,m,رياضيات
بشار,58,9,m,علوم
بشار,92,9,m,تاريخ
بشار,69,9,m,عربية
بشار,96,9,m,إنجليزية
غسان,81,9,m,رياضيات
غسان,86,9,m,علوم
غسان,56,9,m,تاريخ
غسان,51,9,m,عربية
غسان,93,9,m,إنجليزية
إسراء,89,7,f,رياضيات
إسراء,61,7,f,علوم
إسراء,68,7,f,تاريخ
إسراء,80,7,f,عربية
إسراء,95,7,f,إنجليزية
بلال,53,9,m,رياضيات
بلال,72,9,m,علوم
بلال,70,9,m,تاريخ
بلال,65,9,m,عربية
بلال,58,9,m,إنجليزية
راغب,54,9,m,رياضيات
راغب,98,9,m,علوم
راغب,76,9,m,تاريخ
راغب,53,9,m,عربية
راغب,94,9,m,إنجليزية
أحلام,83,7,f,رياضيات
أحلام,57,7,f,علوم
أحلام,83,7,f,تاريخ
أحلام,50,7,f,عربية
أحلام,91,7,f,إنجليزية
زينب,57,9,f,رياضيات
زينب,66,9,f,علوم
زينب,55,9,f,تاريخ
زينب,99,9,f,عربية
زينب,72,9,f,إنجليزية
إيمان,72,7,f,رياضيات
إيمان,50,7,f,علوم
إيمان,68,7,f,تاريخ
إيمان,74,7,f,عربية
إيمان,94,7,f,إنجليزية
سحر,97,7,f,رياضيات
سحر,79,7,f,علوم
سحر,59,7,f,تاريخ
سحر,71,7,f,عربية
سحر,95,7,f,إنجليزية
هاني,87,8,m,رياضيات
هاني,79,8,m,علوم
هاني,75,8,m,تاريخ
هاني,66,8,m,عربية
هاني,53,8,m,إنجليزية
ماجد,88,9,m,رياضيات
ماجد,65,9,m,علوم
ماجد,89,9,m,تاريخ
ماجد,85,9,m,عربية
ماجد,70,9,m,إنجليزية
ميرال,87,9,f,رياضيات
ميرال,65,9,f,علوم
ميرال,94,9,f,تاريخ
ميرال,64,9,f,عربية
ميرال,55,9,f,إنجليزية
رائد,77,8,m,رياضيات
رائد,85,8,m,علوم
رائد,66,8,m,تاريخ
رائد,84,8,m,عربية
رائد,53,8,m,إنجليزية
سجى,53,9,f,رياضيات
سجى,52,9,f,علوم
سجى,68,9,f,تاريخ
سجى,55,9,f,عربية
سجى,86,9,f,إنجليزية
صفاء,54,8,f,رياضيات
صفاء,79,8,f,علوم
صفاء,62,8,f,تاريخ
صفاء,74,8,f,عربية
صفاء,70,8,f,إنجليزية
أسماء,72,7,f,رياضيات
أسماء,93,7,f,علوم
أسماء,55,7,f,تاريخ
أسماء,67,7,f,عربية
أسماء,57,7,f,إنجليزية
نوران,56,9,f,رياضيات
نوران,92,9,f,علوم
نوران,55,9,f,تاريخ
نوران,54,9,f,عربية
نوران,88,9,f,إنجليزية
بشار,80,7,m,رياضيات
بشار,75,7,m,علوم
بشار,61,7,m,تاريخ
بشار,72,7,m,عربية
بشار,96,7,m,إنجليزية
هدى,55,7,f,رياضيات
هدى,53,7,f,علوم
هدى,50,7,f,تاريخ
هدى,77,7,f,عربية
هدى,51,7,f,إنجليزية
هاني,91,7,m,رياضيات
هاني,60,7,m,علوم
هاني,70,7,m,تاريخ
هاني,67,7,m,عربية
هاني,72,7,m,إنجليزية
عباس,90,7,m,رياضيات
عباس,99,7,m,علوم
عباس,88,7,m,تاريخ
عباس,67,7,m,عربية
عباس,52,7,m,إنجليزية
أحلام,78,8,f,رياضيات
أحلام,96,8,f,علوم
أحلام,86,8,f,تاريخ
أحلام,59,8,f,عربية
أحلام,52,8,f,إنجليزية
فادي,93,8,m,رياضيات
فادي,82,8,m,علوم
فادي,91,8,m,تاريخ
فادي,50,8,m,عربية
فادي,71,8,m,إنجليزية
إبراهيم,69,9,f,رياضيات
إبراهيم,69,9,f,علوم
إبراهيم,89,9,f,تاريخ
إبراهيم,52,9,f,عربية
إبراهيم,65,9,f,إنجليزية
آية,76,9,f,رياضيات
آية,98,9,f,علوم
آية,95,9,f,تاريخ
آية,78,9,f,عربية
آية,51,9,f,إنجليزية
سمر,60,7,f,رياضيات
سمر,83,7,f,علوم
سمر,98,7,f,تاريخ
سمر,57,7,f,عربية
سمر,97,7,f,إنجليزية
سعاد,71,7,f,رياضيات
سعاد,85,7,f,علوم
سعاد,96,7,f,تاريخ
سعاد,88,7,f,عربية
سعاد,61,7,f,إنجليزية
يحيى,100,7,m,رياضيات
يحيى,89,7,m,علوم
يحيى,51,7,m,تاريخ
يحيى,92,7,m,عربية
يحيى,71,7,m,إنجليزية
ميار,75,9,f,رياضيات
ميار,59,9,f,علوم
ميار,60,9,f,تاريخ
ميار,54,9,f,عربية
ميار,82,9,f,إنجليزية
سحر,53,8,f,رياضيات
سحر,73,8,f,علوم
سحر,65,8,f,تاريخ
سحر,63,8,f,عربية
سحر,90,8,f,إنجليزية
نبيل,65,9,f,رياضيات
نبيل,74,9,f,علوم
نبيل,57,9,f,تاريخ
نبيل,93,9,f,عربية
نبيل,54,9,f,إنجليزية
فادي,72,9,m,رياضيات
فادي,64,9,m,علوم
فادي,74,9,m,تاريخ
فادي,100,9,m,عربية
فادي,63,9,m,إنجليزية
أنور,95,8,m,رياضيات
أنور,94,8,m,علوم
أنور,53,8,m,تاريخ
أنور,50,8,m,عربية
أنور,100,8,m,إنجليزية
فريد,96,8,m,رياضيات
فريد,71,8,m,علوم
فريد,93,8,m,تاريخ
فريد,71,8,m,عربية
فريد,56,8,m,إنجليزية
رامي,72,7,f,رياضيات
رامي,95,7,f,علوم
رامي,59,7,f,تاريخ
رامي,82,7,f,عربية
رامي,87,7,f,إنجليزية
زهير,76,7,m,رياضيات
زهير,61,7,m,علوم
زهير,54,7,m,تاريخ
زهير,62,7,m,عربية
زهير,52,7,m,إنجليزية
كريم,99,8,m,رياضيات
كريم,65,8,m,علوم
كريم,63,8,m,تاريخ
كريم,94,8,m,عربية
كريم,96,8,m,إنجليزية
هيثم,78,9,m,رياضيات
هيثم,74,9,m,علوم
هيثم,67,9,m,تاريخ
هيثم,85,9,m,عربية
هيثم,72,9,m,إنجليزية
سجى,98,8,f,رياضيات
سجى,91,8,f,علوم
سجى,83,8,f,تاريخ
سجى,50,8,f,عربية
سجى,50,8,f,إنجليزية
فريدة,60,7,f,رياضيات
فريدة,74,7,f,علوم
فريدة,95,7,f,تاريخ
فريدة,59,7,f,عربية
فريدة,93,7,f,إنجليزية
هبة,71,8,f,رياضيات
هبة,57,8,f,علوم
هبة,93,8,f,تاريخ
هبة,75,8,f,عربية
هبة,67,8,f,إنجليزية
لين,73,9,f,رياضيات
لين,78,9,f,علوم
لين,96,9,f,تاريخ
لين,85,9,f,عربية
لين,60,9,f,إنجليزية
فرح,96,7,f,رياضيات
فرح,89,7,f,علوم
فرح,81,7,f,تاريخ
فرح,80,7,f,عربية
فرح,67,7,f,إنجليزية
بشار,66,8,m,رياضيات
بشار,53,8,m,علوم
بشار,89,8,m,تاريخ
بشار,66,8,m,عربية
بشار,87,8,m,إنجليزية
حمزة,74,7,m,رياضيات
حمزة,100,7,m,علوم
حمزة,52,7,m,تاريخ
حمزة,53,7,m,عربية
حمزة,70,7,m,إنجليزية
شيماء,69,9,f,رياضيات
شيماء,82,9,f,علوم
شيماء,85,9,f,تاريخ
شيماء,65,9,f,عربية
شيماء,85,9,f,إنجليزية
أنور,63,7,m,رياضيات
أنور,81,7,m,علوم
أنور,51,7,m,تاريخ
أنور,91,7,m,عربية
أنور,72,7,m,إنجليزية
زيد,85,9,m,رياضيات
زيد,100,9,m,علوم
زيد,67,9,m,تاريخ
زيد,61,9,m,عربية
زيد,60,9,m,إنجليزية
حمود,97,8,f,رياضيات
حمود,69,8,f,علوم
حمود,53,8,f,تاريخ
حمود,75,8,f,عربية
حمود,72,8,f,إنجليزية
أنس,88,7,m,رياضيات
أنس,72,7,m,علوم
أنس,52,7,m,تاريخ
أنس,57,7,m,عربية
أنس,56,7,m,إنجليزية
أروى,51,9,f,رياضيات
أروى,86,9,f,علوم
أروى,75,9,f,تاريخ
أروى,61,9,f,عربية
أروى,72,9,f,إنجليزية
سمير,71,8,f,رياضيات
سمير,92,8,f,علوم
سمير,58,8,f,تاريخ
سمير,97,8,f,عربية
سمير,78,8,f,إنجليزية
جمال,100,7,m,رياضيات
جمال,66,7,m,علوم
جمال,53,7,m,تاريخ
جمال,68,7,m,عربية
جمال,73,7,m,إنجليزية
صهيب,93,8,m,رياضيات
صهيب,79,8,m,علوم
صهيب,96,8,m,تاريخ
صهيب,81,8,m,عربية
صهيب,57,8,m,إنجليزية
مراد,50,8,m,رياضيات
مراد,94,8,m,علوم
مراد,65,8,m,تاريخ
مراد,76,8,m,عربية
مراد,97,8,m,إنجليزية
راشد,56,8,f,رياضيات
راشد,78,8,f,علوم
راشد,63,8,f,تاريخ
راشد,89,8,f,عربية
راشد,90,8,f,إنجليزية
لطيفة,96,9,f,رياضيات
لطيفة,80,9,f,علوم
لطيفة,51,9,f,تاريخ
لطيفة,81,9,f,عربية
لطيفة,98,9,f,إنجليزية
غادة,50,7,f,رياضيات
غادة,99,7,f,علوم
غادة,55,7,f,تاريخ
غادة,72,7,f,عربية
غادة,66,7,f,إنجليزية
هادي,56,8,m,رياضيات
هادي,90,8,m,علوم
هادي,96,8,m,تاريخ
هادي,74,8,m,عربية
هادي,76,8,m,إنجليزية
لؤي,64,7,m,رياضيات
لؤي,80,7,m,علوم
لؤي,94,7,m,تاريخ
لؤي,60,7,m,عربية
لؤي,61,7,m,إنجليزية
حسن,98,7,m,رياضيات
حسن,93,7,m,علوم
حسن,71,7,m,تاريخ
حسن,96,7,m,عربية
حسن,71,7,m,إنجليزية
وسيم,70,8,m,رياضيات
وسيم,81,8,m,علوم
وسيم,55,8,m,تاريخ
وسيم,78,8,m,عربية
وسيم,74,8,m,إنجليزية
عزة,99,8,f,رياضيات
عزة,58,8,f,علوم
عزة,85,8,f,تاريخ
عزة,68,8,f,عربية
عزة,52,8,f,إنجليزية
ندى,57,8,f,رياضيات
ندى,66,8,f,علوم
ندى,52,8,f,تاريخ
ندى,53,8,f,عربية
ندى,77,8,f,إنجليزية
كريم,86,9,m,رياضيات
كريم,50,9,m,علوم
كريم,65,9,m,تاريخ
كريم,59,9,m,عربية
كريم,54,9,m,إنجليزية
رانية,70,7,f,رياضيات
رانية,88,7,f,علوم
رانية,71,7,f,تاريخ
رانية,79,7,f,عربية
رانية,77,7,f,إنجليزية
ليان,59,8,f,رياضيات
ليان,80,8,f,علوم
ليان,64,8,f,تاريخ
ليان,99,8,f,عربية
ليان,78,8,f,إنجليزية
هيثم,78,8,m,رياضيات
هيثم,76,8,m,علوم
هيثم,65,8,m,تاريخ
هيثم,88,8,m,عربية
هيثم,91,8,m,إنجليزية
أدهم,53,9,m,رياضيات
أدهم,91,9,m,علوم
أدهم,78,9,m,تاريخ
أدهم,53,9,m,عربية
أدهم,85,9,m,إنجليزية
بلال,51,8,m,رياضيات
بلال,96,8,m,علوم
بلال,96,8,m,تاريخ
بلال,52,8,m,عربية
بلال,69,8,m,إنجليزية
رجاء,76,8,f,رياضيات
رجاء,61,8,f,علوم
رجاء,79,8,f,تاريخ
رجاء,81,8,f,عربية
رجاء,73,8,f,إنجليزية
مهند,90,9,m,رياضيات
مهند,53,9,m,علوم
مهند,53,9,m,تاريخ
مهند,88,9,m,عربية
مهند,79,9,m,إنجليزية
خالد,88,7,m,رياضيات
خالد,76,7,m,علوم
خالد,89,7,m,تاريخ
خالد,98,7,m,عربية
خالد,89,7,m,إنجليزية
ريم,96,9,f,رياضيات
ريم,96,9,f,علوم
ريم,97,9,f,تاريخ
ريم,98,9,f,عربية
ريم,55,9,f,إنجليزية
فاطمة,92,8,f,رياضيات
فاطمة,68,8,f,علوم
فاطمة,81,8,f,تاريخ
فاطمة,62,8,f,عربية
فاطمة,72,8,f,إنجليزية
أروى,50,8,f,رياضيات
أروى,98,8,f,علوم
أروى,86,8,f,تاريخ
أروى,96,8,f,عربية
أروى,94,8,f,إنجليزية
عباس,76,8,m,رياضيات
عباس,56,8,m,علوم
عباس,52,8,m,تاريخ
عباس,99,8,m,عربية
عباس,95,8,m,إنجليزية
بدر,81,9,f,رياضيات
بدر,58,9,f,علوم
بدر,73,9,f,تاريخ
بدر,78,9,f,عربية
بدر,53,9,f,إنجليزية
أميرة,66,7,f,رياضيات
أميرة,96,7,f,علوم
أميرة,99,7,f,تاريخ
أميرة,87,7,f,عربية
أميرة,70,7,f,إنجليزية
آية,65,8,f,رياضيات
آية,54,8,f,علوم
آية,67,8,f,تاريخ
آية,91,8,f,عربية
آية,56,8,f,إنجليزية
علي,89,7,m,رياضيات
علي,57,7,m,علوم
علي,81,7,m,تاريخ
علي,74,7,m,عربية
علي,92,7,m,إنجليزية
سعيد,52,7,f,رياضيات
سعيد,69,7,f,علوم
سعيد,59,7,f,تاريخ
سعيد,65,7,f,عربية
سعيد,50,7,f,إنجليزية
عصام,95,8,m,رياضيات
عصام,66,8,m,علوم
عصام,51,8,m,تاريخ
عصام,79,8,m,عربية
عصام,68,8,m,إنجليزية
فوزي,80,7,m,رياضيات
فوزي,74,7,m,علوم
فوزي,97,7,m,تاريخ
فوزي,78,7,m,عربية
فوزي,91,7,m,إنجليزية
حسن,92,8,m,رياضيات
حسن,79,8,m,علوم
حسن,73,8,m,تاريخ
حسن,62,8,m,عربية
حسن,68,8,m,إنجليزية
نهى,97,9,f,رياضيات
نهى,67,9,f,علوم
نهى,94,9,f,تاريخ
نهى,75,9,f,عربية
نهى,64,9,f,إنجليزية
سحر,64,9,f,رياضيات
سحر,52,9,f,علوم
سحر,81,9,f,تاريخ
سحر,60,9,f,عربية
سحر,83,9,f,إنجليزية
ندى,69,7,f,رياضيات
ندى,78,7,f,علوم
ندى,53,7,f,تاريخ
ندى,99,7,f,عربية
ندى,89,7,f,إنجليزية
أسامة,66,7,m,رياضيات
أسامة,71,7,m,علوم
أسامة,76,7,m,تاريخ
أسامة,66,7,m,عربية
أسامة,60,7,m,إنجليزية
صفاء,79,9,f,رياضيات
صفاء,74,9,f,علوم
صفاء,99,9,f,تاريخ
صفاء,54,9,f,عربية
صفاء,77,9,f,إنجليزية
عادل,79,8,m,رياضيات
عادل,80,8,m,علوم
عادل,59,8,m,تاريخ
عادل,73,8,m,عربية
عادل,62,8,m,إنجليزية
مالك,54,7,f,رياضيات
مالك,84,7,f,علوم
مالك,82,7,f,تاريخ
مالك,83,7,f,عربية
مالك,89,7,f,إنجليزية
عزة,71,7,f,رياضيات
عزة,68,7,f,علوم
عزة,80,7,f,تاريخ
عزة,82,7,f,عربية
عزة,88,7,f,إنجليزية
غادة,81,8,f,رياضيات
غادة,52,8,f,علوم
غادة,70,8,f,تاريخ
غادة,94,8,f,عربية
غادة,97,8,f,إنجليزية
يمنى,71,7,f,رياضيات
يمنى,61,7,f,علوم
يمنى,55,7,f,تاريخ
يمنى,80,7,f,عربية
يمنى,82,7,f,إنجليزية
أسماء,81,9,f,رياضيات
أسماء,53,9,f,علوم
أسماء,69,9,f,تاريخ
أسماء,63,9,f,عربية
أسماء,99,9,f,إنجليزية
أسماء,51,8,f,رياضيات
أسماء,80,8,f,علوم
أسماء,82,8,f,تاريخ
أسماء,80,8,f,عربية
أسماء,56,8,f,إنجليزية
سمر,86,9,f,رياضيات
سمر,56,9,f,علوم
سمر,100,9,f,تاريخ
سمر,68,9,f,عربية
سمر,63,9,f,إنجليزية
بدر,75,7,f,رياضيات
بدر,84,7,f,علوم
بدر,76,7,f,تاريخ
بدر,76,7,f,عربية
بدر,85,7,f,إنجليزية
نور,76,9,f,رياضيات
نور,86,9,f,علوم
نور,83,9,f,تاريخ
نور,82,9,f,عربية
نور,97,9,f,إنجليزية
ريم,77,7,f,رياضيات
ريم,52,7,f,علوم
ريم,56,7,f,تاريخ
ريم,77,7,f,عربية
ريم,85,7,f,إنجليزية
نوران,67,8,f,رياضيات
نوران,52,8,f,علوم
نوران,54,8,f,تاريخ
نوران,64,8,f,عربية
نوران,87,8,f,إنجليزية
عمران,98,8,m,رياضيات
عمران,83,8,m,علوم
عمران,75,8,m,تاريخ
عمران,55,8,m,عربية
عمران,77,8,m,إنجليزية
زيدان,59,9,m,رياضيات
زيدان,58,9,m,علوم
زيدان,90,9,m,تاريخ
زيدان,72,9,m,عربية
زيدان,68,9,m,إنجليزية
خديجة,72,7,f,رياضيات
خديجة,53,7,f,علوم
خديجة,77,7,f,تاريخ
خديجة,80,7,f,عربية
خديجة,71,7,f,إنجليزية
سمير,79,7,f,رياضيات
سمير,55,7,f,علوم
سمير,99,7,f,تاريخ
سمير,62,7,f,عربية
سمير,75,7,f,إنجليزية
نسرين,78,7,f,رياضيات
نسرين,72,7,f,علوم
نسرين,77,7,f,تاريخ
نسرين,88,7,f,عربية
نسرين,63,7,f,إنجليزية
عمران,86,9,m,رياضيات
عمران,60,9,m,علوم
عمران,59,9,m,تاريخ
عمران,90,9,m,عربية
عمران,69,9,m,إنجليزية
إيناس,64,9,f,رياضيات
إيناس,68,9,f,علوم
إيناس,72,9,f,تاريخ
إيناس,94,9,f,عربية
إيناس,98,9,f,إنجليزية
ميار,88,8,f,رياضيات
ميار,80,8,f,علوم
ميار,64,8,f,تاريخ
ميار,52,8,f,عربية
ميار,77,8,f,إنجليزية
حنان,58,7,f,رياضيات
حنان,82,7,f,علوم
حنان,56,7,f,تاريخ
حنان,56,7,f,عربية
حنان,93,7,f,إنجليزية
عصام,59,7,m,رياضيات
عصام,89,7,m,علوم
عصام,77,7,m,تاريخ
عصام,51,7,m,عربية
عصام,61,7,m,إنجليزية
ريم,64,8,f,رياضيات
ريم,69,8,f,علوم
ريم,51,8,f,تاريخ
ريم,51,8,f,عربية
ريم,97,8,f,إنجليزية
عبير,99,8,f,رياضيات
عبير,95,8,f,علوم
عبير,61,8,f,تاريخ
عبير,64,8,f,عربية
عبير,74,8,f,إنجليزية
أميرة,84,8,f,رياضيات
أميرة,89,8,f,علوم
أميرة,57,8,f,تاريخ
أميرة,51,8,f,عربية
أميرة,81,8,f,إنجليزية
أماني,67,7,f,رياضيات
أماني,61,7,f,علوم
أماني,88,7,f,تاريخ
أماني,87,7,f,عربية
أماني,78,7,f,إنجليزية
خلود,86,7,f,رياضيات
خلود,69,7,f,علوم
خلود,100,7,f,تاريخ
خلود,70,7,f,عربية
خلود,66,7,f,إنجليزية
خديجة,99,9,f,رياضيات
خديجة,51,9,f,علوم
خديجة,74,9,f,تاريخ
خديجة,58,9,f,عربية
خديجة,98,9,f,إنجليزية
أدهم,58,7,m,رياضيات
أدهم,85,7,m,علوم
أدهم,99,7,m,تاريخ
أدهم,64,7,m,عربية
أدهم,93,7,m,إنجليزية
نبيل,96,7,f,رياضيات
نبيل,55,7,f,علوم
نبيل,91,7,f,تاريخ
نبيل,94,7,f,عربية
نبيل,99,7,f,إنجليزية
سجى,53,7,f,رياضيات
سجى,65,7,f,علوم
سجى,61,7,f,تاريخ
سجى,87,7,f,عربية
سجى,86,7,f,إنجليزية
رؤى,84,8,f,رياضيات
رؤى,99,8,f,علوم
رؤى,95,8,f,تاريخ
رؤى,63,8,f,عربية
رؤى,63,8,f,إنجليزية
أكرم,79,7,m,رياضيات
أكرم,94,7,m,علوم
أكرم,58,7,m,تاريخ
أكرم,98,7,m,عربية
أكرم,64,7,m,إنجليزية
ليلى,91,9,f,رياضيات
ليلى,91,9,f,علوم
ليلى,83,9,f,تاريخ
ليلى,84,9,f,عربية
ليلى,78,9,f,إنجليزية
علي,87,8,m,رياضيات
علي,79,8,m,علوم
علي,99,8,m,تاريخ
علي,60,8,m,عربية
علي,57,8,m,إنجليزية
هبة,97,7,f,رياضيات
هبة,91,7,f,علوم
هبة,98,7,f,تاريخ
هبة,81,7,f,عربية
هبة,95,7,f,إنجليزية
عبير,76,7,f,رياضيات
عبير,90,7,f,علوم
عبير,97,7,f,تاريخ
عبير,75,7,f,عربية
عبير,88,7,f,إنجليزية
زينب,58,7,f,رياضيات
زينب,81,7,f,علوم
زينب,61,7,f,تاريخ
زينب,50,7,f,عربية
زينب,57,7,f,إنجليزية
أروى,69,7,f,رياضيات
أروى,82,7,f,علوم
أروى,53,7,f,تاريخ
أروى,97,7,f,عربية
أروى,93,7,f,إنجليزية
سعاد,64,8,f,رياضيات
سعاد,67,8,f,علوم
سعاد,54,8,f,تاريخ
سعاد,86,8,f,عربية
سعاد,63,8,f,إنجليزية
نبيل,74,8,f,رياضيات
نبيل,85,8,f,علوم
نبيل,75,8,f,تاريخ
نبيل,99,8,f,عربية
نبيل,72,8,f,إنجليزية
فريد,52,9,m,رياضيات
فريد,78,9,m,علوم
فريد,57,9,m,تاريخ
فريد,67,9,m,عربية
فريد,86,9,m,إنجليزية
شيماء,82,8,f,رياضيات
شيماء,72,8,f,علوم
شيماء,73,8,f,تاريخ
شيماء,79,8,f,عربية
شيماء,99,8,f,إنجليزية
طارق,99,8,m,رياضيات
طارق,92,8,m,علوم
طارق,84,8,m,تاريخ
طارق,83,8,m,عربية
طارق,58,8,m,إنجليزية